REGION,SETTLEMENTDATE,TOTALDEMAND,RRP,PERIODTYPE
QLD1,2025/08/01 00:05:00,6190.54,132.99,TRADE
QLD1,2025/08/01 00:10:00,6105.63,158.70,TRADE
QLD1,2025/08/01 00:15:00,6060.16,116.73,TRADE
QLD1,2025/08/01 00:20:00,6014.74,116.73,TRADE
QLD1,2025/08/01 00:25:00,6028.83,116.73,TRADE
QLD1,2025/08/01 00:30:00,5984.97,116.73,TRADE
QLD1,2025/08/01 00:35:00,5973.72,116.73,TRADE
QLD1,2025/08/01 00:40:00,5943.34,116.73,TRADE
QLD1,2025/08/01 00:45:00,5966.44,116.73,TRADE
QLD1,2025/08/01 00:50:00,5864.4,115.73,TRADE
QLD1,2025/08/01 00:55:00,5886.65,114.83,TRADE
QLD1,2025/08/01 01:00:00,5904.74,116.73,TRADE
QLD1,2025/08/01 01:05:00,5876.13,116.73,TRADE
QLD1,2025/08/01 01:10:00,5803.41,116.73,TRADE
QLD1,2025/08/01 01:15:00,5890.44,114.84,TRADE
QLD1,2025/08/01 01:20:00,5843.05,116.73,TRADE
QLD1,2025/08/01 01:25:00,5784.67,117.43,TRADE
QLD1,2025/08/01 01:30:00,5780.94,116.73,TRADE
QLD1,2025/08/01 01:35:00,5797.2,119.48,TRADE
QLD1,2025/08/01 01:40:00,5758.88,119.79,TRADE
QLD1,2025/08/01 01:45:00,5733.54,116.73,TRADE
QLD1,2025/08/01 01:50:00,5732.74,116.73,TRADE
QLD1,2025/08/01 01:55:00,5726.1,116.73,TRADE
QLD1,2025/08/01 02:00:00,5724.1,118.16,TRADE
QLD1,2025/08/01 02:05:00,5664.49,127.54,TRADE
QLD1,2025/08/01 02:10:00,5730.01,158.02,TRADE
QLD1,2025/08/01 02:15:00,5718.21,130.01,TRADE
QLD1,2025/08/01 02:20:00,5679.43,116.73,TRADE
QLD1,2025/08/01 02:25:00,5646.69,116.73,TRADE
QLD1,2025/08/01 02:30:00,5654.77,106.11,TRADE
QLD1,2025/08/01 02:35:00,5662.47,108.75,TRADE
QLD1,2025/08/01 02:40:00,5646.32,104.13,TRADE
QLD1,2025/08/01 02:45:00,5653.69,116.73,TRADE
QLD1,2025/08/01 02:50:00,5630.87,115.11,TRADE
QLD1,2025/08/01 02:55:00,5701.5,116.73,TRADE
QLD1,2025/08/01 03:00:00,5630.04,115.15,TRADE
QLD1,2025/08/01 03:05:00,5571.63,103.92,TRADE
QLD1,2025/08/01 03:10:00,5642.82,106.69,TRADE
QLD1,2025/08/01 03:15:00,5687.36,116.73,TRADE
QLD1,2025/08/01 03:20:00,5690.26,116.73,TRADE
QLD1,2025/08/01 03:25:00,5699.52,128.45,TRADE
QLD1,2025/08/01 03:30:00,5675.42,147.29,TRADE
QLD1,2025/08/01 03:35:00,5668.23,117.22,TRADE
QLD1,2025/08/01 03:40:00,5698.46,153.09,TRADE
QLD1,2025/08/01 03:45:00,5729.83,149.56,TRADE
QLD1,2025/08/01 03:50:00,5702.17,157.69,TRADE
QLD1,2025/08/01 03:55:00,5698.6,154.30,TRADE
QLD1,2025/08/01 04:00:00,5714.16,138.46,TRADE
QLD1,2025/08/01 04:05:00,5739.17,128.73,TRADE
QLD1,2025/08/01 04:10:00,5751.13,147.79,TRADE
QLD1,2025/08/01 04:15:00,5793.83,148.73,TRADE
QLD1,2025/08/01 04:20:00,5844.64,152.53,TRADE
QLD1,2025/08/01 04:25:00,5849.56,150.04,TRADE
QLD1,2025/08/01 04:30:00,5869.15,163.45,TRADE
QLD1,2025/08/01 04:35:00,5847.57,160.95,TRADE
QLD1,2025/08/01 04:40:00,5901.16,164.27,TRADE
QLD1,2025/08/01 04:45:00,5907.36,188.67,TRADE
QLD1,2025/08/01 04:50:00,5947.55,182.34,TRADE
QLD1,2025/08/01 04:55:00,5925.46,179.39,TRADE
QLD1,2025/08/01 05:00:00,5960.19,167.30,TRADE
QLD1,2025/08/01 05:05:00,6028.6,182.34,TRADE
QLD1,2025/08/01 05:10:00,6096.99,237.34,TRADE
QLD1,2025/08/01 05:15:00,6115.89,182.34,TRADE
QLD1,2025/08/01 05:20:00,6150.58,182.34,TRADE
QLD1,2025/08/01 05:25:00,6207.7,247.73,TRADE
QLD1,2025/08/01 05:30:00,6227.96,225.25,TRADE
QLD1,2025/08/01 05:35:00,6294.17,254.17,TRADE
QLD1,2025/08/01 05:40:00,6397.68,247.73,TRADE
QLD1,2025/08/01 05:45:00,6395.1,237.68,TRADE
QLD1,2025/08/01 05:50:00,6411.6,247.73,TRADE
QLD1,2025/08/01 05:55:00,6489.93,250.79,TRADE
QLD1,2025/08/01 06:00:00,6565.24,225.25,TRADE
QLD1,2025/08/01 06:05:00,6581.28,223.73,TRADE
QLD1,2025/08/01 06:10:00,6711.88,244.21,TRADE
QLD1,2025/08/01 06:15:00,6832.17,230,TRADE
QLD1,2025/08/01 06:20:00,6938.29,278.21,TRADE
QLD1,2025/08/01 06:25:00,6914.95,296.40,TRADE
QLD1,2025/08/01 06:30:00,6946.84,294.78,TRADE
QLD1,2025/08/01 06:35:00,7023.32,282.36,TRADE
QLD1,2025/08/01 06:40:00,7066.28,297.52,TRADE
QLD1,2025/08/01 06:45:00,7038.07,261.18,TRADE
QLD1,2025/08/01 06:50:00,7111.8,254.82,TRADE
QLD1,2025/08/01 06:55:00,7181.48,294.83,TRADE
QLD1,2025/08/01 07:00:00,7275.9,293.75,TRADE
QLD1,2025/08/01 07:05:00,7326.08,277,TRADE
QLD1,2025/08/01 07:10:00,7413.42,296.30,TRADE
QLD1,2025/08/01 07:15:00,7403.19,303.76,TRADE
QLD1,2025/08/01 07:20:00,7468.54,386.16,TRADE
QLD1,2025/08/01 07:25:00,7491.61,447.21,TRADE
QLD1,2025/08/01 07:30:00,7526.21,365.95,TRADE
QLD1,2025/08/01 07:35:00,7466.82,310.34,TRADE
QLD1,2025/08/01 07:40:00,7476.44,299.07,TRADE
QLD1,2025/08/01 07:45:00,7536.26,270.12,TRADE
QLD1,2025/08/01 07:50:00,7481.58,202.10,TRADE
QLD1,2025/08/01 07:55:00,7474.55,210.86,TRADE
QLD1,2025/08/01 08:00:00,7489.76,133.50,TRADE
QLD1,2025/08/01 08:05:00,7519.38,198.94,TRADE
QLD1,2025/08/01 08:10:00,7628.49,243.95,TRADE
QLD1,2025/08/01 08:15:00,7615.04,260.36,TRADE
QLD1,2025/08/01 08:20:00,7509.76,133,TRADE
QLD1,2025/08/01 08:25:00,7424.64,127.04,TRADE
QLD1,2025/08/01 08:30:00,7357.9,96.98,TRADE
QLD1,2025/08/01 08:35:00,7454.03,160.95,TRADE
QLD1,2025/08/01 08:40:00,7334.89,172.95,TRADE
QLD1,2025/08/01 08:45:00,7331.48,169.59,TRADE
QLD1,2025/08/01 08:50:00,7273.79,168.38,TRADE
QLD1,2025/08/01 08:55:00,7292.09,162.83,TRADE
QLD1,2025/08/01 09:00:00,7260.17,135.23,TRADE
QLD1,2025/08/01 09:05:00,7124.41,160.95,TRADE
QLD1,2025/08/01 09:10:00,7140.65,159.84,TRADE
QLD1,2025/08/01 09:15:00,7063.42,128.58,TRADE
QLD1,2025/08/01 09:20:00,7050.26,126.08,TRADE
QLD1,2025/08/01 09:25:00,6895,113.64,TRADE
QLD1,2025/08/01 09:30:00,6890.99,113.57,TRADE
QLD1,2025/08/01 09:35:00,6952.47,138.63,TRADE
QLD1,2025/08/01 09:40:00,6966.93,160.95,TRADE
QLD1,2025/08/01 09:45:00,6969.12,145.43,TRADE
QLD1,2025/08/01 09:50:00,6981.7,128.85,TRADE
QLD1,2025/08/01 09:55:00,6970.9,128.45,TRADE
QLD1,2025/08/01 10:00:00,6903.19,132.83,TRADE
QLD1,2025/08/01 10:05:00,6859.9,128.95,TRADE
QLD1,2025/08/01 10:10:00,6928.53,132.83,TRADE
QLD1,2025/08/01 10:15:00,6884.27,162.83,TRADE
QLD1,2025/08/01 10:20:00,6770.11,122.51,TRADE
QLD1,2025/08/01 10:25:00,6778.38,110.55,TRADE
QLD1,2025/08/01 10:30:00,6607.16,95,TRADE
QLD1,2025/08/01 10:35:00,6552.07,88.73,TRADE
QLD1,2025/08/01 10:40:00,6496.6,88.31,TRADE
QLD1,2025/08/01 10:45:00,6476.98,80.87,TRADE
QLD1,2025/08/01 10:50:00,6421.06,81.41,TRADE
QLD1,2025/08/01 10:55:00,6466.86,88.73,TRADE
QLD1,2025/08/01 11:00:00,6400.3,91.64,TRADE
QLD1,2025/08/01 11:05:00,6457.22,97.48,TRADE
QLD1,2025/08/01 11:10:00,6522.46,103.39,TRADE
QLD1,2025/08/01 11:15:00,6510.41,95,TRADE
QLD1,2025/08/01 11:20:00,6376.04,88.73,TRADE
QLD1,2025/08/01 11:25:00,6373.64,82.53,TRADE
QLD1,2025/08/01 11:30:00,6392.44,84.45,TRADE
QLD1,2025/08/01 11:35:00,6391.57,90.03,TRADE
QLD1,2025/08/01 11:40:00,6408.82,88.73,TRADE
QLD1,2025/08/01 11:45:00,6418.36,88.31,TRADE
QLD1,2025/08/01 11:50:00,6344.27,88.73,TRADE
QLD1,2025/08/01 11:55:00,6294.86,84.09,TRADE
QLD1,2025/08/01 12:00:00,6141.44,80.96,TRADE
QLD1,2025/08/01 12:05:00,6120.76,80.95,TRADE
QLD1,2025/08/01 12:10:00,6030.47,83.45,TRADE
QLD1,2025/08/01 12:15:00,5937.7,77.86,TRADE
QLD1,2025/08/01 12:20:00,5918.4,68.35,TRADE
QLD1,2025/08/01 12:25:00,5812.34,83.45,TRADE
QLD1,2025/08/01 12:30:00,5769.95,78.31,TRADE
QLD1,2025/08/01 12:35:00,5810.63,75.83,TRADE
QLD1,2025/08/01 12:40:00,5697.58,75.83,TRADE
QLD1,2025/08/01 12:45:00,5643.09,61.73,TRADE
QLD1,2025/08/01 12:50:00,5647.24,69.46,TRADE
QLD1,2025/08/01 12:55:00,5614.86,75.83,TRADE
QLD1,2025/08/01 13:00:00,5635.34,75.83,TRADE
QLD1,2025/08/01 13:05:00,5695.84,84.26,TRADE
QLD1,2025/08/01 13:10:00,5707.72,75.83,TRADE
QLD1,2025/08/01 13:15:00,5747.94,79.05,TRADE
QLD1,2025/08/01 13:20:00,5777.91,75.83,TRADE
QLD1,2025/08/01 13:25:00,5773.95,61.75,TRADE
QLD1,2025/08/01 13:30:00,5876.45,84.45,TRADE
QLD1,2025/08/01 13:35:00,5923.94,75.83,TRADE
QLD1,2025/08/01 13:40:00,5891.95,83.45,TRADE
QLD1,2025/08/01 13:45:00,5948.18,82.21,TRADE
QLD1,2025/08/01 13:50:00,5997.43,82.83,TRADE
QLD1,2025/08/01 13:55:00,5960.85,88.31,TRADE
QLD1,2025/08/01 14:00:00,6080.86,87.87,TRADE
QLD1,2025/08/01 14:05:00,6062.02,85.73,TRADE
QLD1,2025/08/01 14:10:00,6169.98,88.73,TRADE
QLD1,2025/08/01 14:15:00,6093.31,95,TRADE
QLD1,2025/08/01 14:20:00,6149.74,115.54,TRADE
QLD1,2025/08/01 14:25:00,6179.11,89.99,TRADE
QLD1,2025/08/01 14:30:00,6270.06,88.31,TRADE
QLD1,2025/08/01 14:35:00,6273.08,88.31,TRADE
QLD1,2025/08/01 14:40:00,6219.29,103.83,TRADE
QLD1,2025/08/01 14:45:00,6288.06,88.27,TRADE
QLD1,2025/08/01 14:50:00,6386.77,84.45,TRADE
QLD1,2025/08/01 14:55:00,6231.84,77.94,TRADE
QLD1,2025/08/01 15:00:00,6384.42,80.65,TRADE
QLD1,2025/08/01 15:05:00,6380.06,74.63,TRADE
QLD1,2025/08/01 15:10:00,6363.97,84.03,TRADE
QLD1,2025/08/01 15:15:00,6429.46,87.07,TRADE
QLD1,2025/08/01 15:20:00,6433.15,84.45,TRADE
QLD1,2025/08/01 15:25:00,6538.38,80.83,TRADE
QLD1,2025/08/01 15:30:00,6583.69,97.45,TRADE
QLD1,2025/08/01 15:35:00,6632.7,95.82,TRADE
QLD1,2025/08/01 15:40:00,6735.24,102.94,TRADE
QLD1,2025/08/01 15:45:00,6714.36,85.73,TRADE
QLD1,2025/08/01 15:50:00,6840.4,103.83,TRADE
QLD1,2025/08/01 15:55:00,6900.54,128.45,TRADE
QLD1,2025/08/01 16:00:00,6928.66,116.99,TRADE
QLD1,2025/08/01 16:05:00,6993.21,97.83,TRADE
QLD1,2025/08/01 16:10:00,7025.7,112.95,TRADE
QLD1,2025/08/01 16:15:00,7163.67,111.81,TRADE
QLD1,2025/08/01 16:20:00,7264.58,120.29,TRADE
QLD1,2025/08/01 16:25:00,7234.55,159.91,TRADE
QLD1,2025/08/01 16:30:00,7334.38,223.73,TRADE
QLD1,2025/08/01 16:35:00,7390.76,163.55,TRADE
QLD1,2025/08/01 16:40:00,7352.98,164.76,TRADE
QLD1,2025/08/01 16:45:00,7412,195.38,TRADE
QLD1,2025/08/01 16:50:00,7540.48,200,TRADE
QLD1,2025/08/01 16:55:00,7535.42,223.73,TRADE
QLD1,2025/08/01 17:00:00,7584.85,217.60,TRADE
QLD1,2025/08/01 17:05:00,7647.92,223.64,TRADE
QLD1,2025/08/01 17:10:00,7628.98,213,TRADE
QLD1,2025/08/01 17:15:00,7765.01,243,TRADE
QLD1,2025/08/01 17:20:00,7803.76,248.29,TRADE
QLD1,2025/08/01 17:25:00,7802.38,221.93,TRADE
QLD1,2025/08/01 17:30:00,7985.39,262.33,TRADE
QLD1,2025/08/01 17:35:00,8020.03,243,TRADE
QLD1,2025/08/01 17:40:00,8051.19,221.36,TRADE
QLD1,2025/08/01 17:45:00,8175.7,239.76,TRADE
QLD1,2025/08/01 17:50:00,8166.11,246.79,TRADE
QLD1,2025/08/01 17:55:00,8196.22,230,TRADE
QLD1,2025/08/01 18:00:00,8169.49,228.76,TRADE
QLD1,2025/08/01 18:05:00,8079.01,196.33,TRADE
QLD1,2025/08/01 18:10:00,8126.91,214.44,TRADE
QLD1,2025/08/01 18:15:00,8145.67,163.55,TRADE
QLD1,2025/08/01 18:20:00,8180.5,219.33,TRADE
QLD1,2025/08/01 18:25:00,8084.42,200,TRADE
QLD1,2025/08/01 18:30:00,8049.36,207.99,TRADE
QLD1,2025/08/01 18:35:00,7998.85,200,TRADE
QLD1,2025/08/01 18:40:00,8023.23,200,TRADE
QLD1,2025/08/01 18:45:00,8040.78,204.48,TRADE
QLD1,2025/08/01 18:50:00,8032.43,200,TRADE
QLD1,2025/08/01 18:55:00,7954.09,163.55,TRADE
QLD1,2025/08/01 19:00:00,7974.02,199,TRADE
QLD1,2025/08/01 19:05:00,7959.08,163.55,TRADE
QLD1,2025/08/01 19:10:00,7925.16,201.90,TRADE
QLD1,2025/08/01 19:15:00,7809.04,162.73,TRADE
QLD1,2025/08/01 19:20:00,7866.07,162.73,TRADE
QLD1,2025/08/01 19:25:00,7856.05,162.73,TRADE
QLD1,2025/08/01 19:30:00,7855.01,160.95,TRADE
QLD1,2025/08/01 19:35:00,7832.19,155,TRADE
QLD1,2025/08/01 19:40:00,7813.53,162.73,TRADE
QLD1,2025/08/01 19:45:00,7761.04,162.73,TRADE
QLD1,2025/08/01 19:50:00,7710.37,160.01,TRADE
QLD1,2025/08/01 19:55:00,7682.03,155,TRADE
QLD1,2025/08/01 20:00:00,7749.13,155,TRADE
QLD1,2025/08/01 20:05:00,7652.96,149.84,TRADE
QLD1,2025/08/01 20:10:00,7648.7,160.01,TRADE
QLD1,2025/08/01 20:15:00,7646.05,155,TRADE
QLD1,2025/08/01 20:20:00,7660.88,148.73,TRADE
QLD1,2025/08/01 20:25:00,7601.48,133.98,TRADE
QLD1,2025/08/01 20:30:00,7679.76,155.16,TRADE
QLD1,2025/08/01 20:35:00,7658.25,160.95,TRADE
QLD1,2025/08/01 20:40:00,7620.2,155,TRADE
QLD1,2025/08/01 20:45:00,7604.71,154.62,TRADE
QLD1,2025/08/01 20:50:00,7538.38,155,TRADE
QLD1,2025/08/01 20:55:00,7488.72,143.97,TRADE
QLD1,2025/08/01 21:00:00,7481.86,149.84,TRADE
QLD1,2025/08/01 21:05:00,7455.91,155,TRADE
QLD1,2025/08/01 21:10:00,7461.94,155,TRADE
QLD1,2025/08/01 21:15:00,7463.09,155,TRADE
QLD1,2025/08/01 21:20:00,7357.09,148.73,TRADE
QLD1,2025/08/01 21:25:00,7328.8,133.13,TRADE
QLD1,2025/08/01 21:30:00,7338.43,133.98,TRADE
QLD1,2025/08/01 21:35:00,7248.85,128.71,TRADE
QLD1,2025/08/01 21:40:00,7264.96,133.98,TRADE
QLD1,2025/08/01 21:45:00,7200.89,145.48,TRADE
QLD1,2025/08/01 21:50:00,7175.38,133.98,TRADE
QLD1,2025/08/01 21:55:00,7040.65,133.98,TRADE
QLD1,2025/08/01 22:00:00,7028.61,115.37,TRADE
QLD1,2025/08/01 22:05:00,7004.66,132.83,TRADE
QLD1,2025/08/01 22:10:00,7009.36,197.94,TRADE
QLD1,2025/08/01 22:15:00,7022.18,222.66,TRADE
QLD1,2025/08/01 22:20:00,6998.59,180.74,TRADE
QLD1,2025/08/01 22:25:00,7003.63,225.25,TRADE
QLD1,2025/08/01 22:30:00,6961.17,225.25,TRADE
QLD1,2025/08/01 22:35:00,6821.64,179.71,TRADE
QLD1,2025/08/01 22:40:00,6876.86,179.47,TRADE
QLD1,2025/08/01 22:45:00,6863.64,172.56,TRADE
QLD1,2025/08/01 22:50:00,6794.14,160.95,TRADE
QLD1,2025/08/01 22:55:00,6731.76,132.99,TRADE
QLD1,2025/08/01 23:00:00,6709.31,160.01,TRADE
QLD1,2025/08/01 23:05:00,6630.48,128.71,TRADE
QLD1,2025/08/01 23:10:00,6574.56,132.99,TRADE
QLD1,2025/08/01 23:15:00,6629.16,141.67,TRADE
QLD1,2025/08/01 23:20:00,6606.11,132.83,TRADE
QLD1,2025/08/01 23:25:00,6461.01,114.73,TRADE
QLD1,2025/08/01 23:30:00,6419.37,108.75,TRADE
QLD1,2025/08/01 23:35:00,6417.63,114.84,TRADE
QLD1,2025/08/01 23:40:00,6367.45,123.38,TRADE
QLD1,2025/08/01 23:45:00,6324.82,114.83,TRADE
QLD1,2025/08/01 23:50:00,6309.25,119.06,TRADE
QLD1,2025/08/01 23:55:00,6260.71,124.89,TRADE
QLD1,2025/08/02 00:00:00,6236.52,114.73,TRADE
QLD1,2025/08/02 00:05:00,6168.73,132.99,TRADE
QLD1,2025/08/02 00:10:00,6274.8,160.95,TRADE
QLD1,2025/08/02 00:15:00,6191.89,158.07,TRADE
QLD1,2025/08/02 00:20:00,6154.08,128.89,TRADE
QLD1,2025/08/02 00:25:00,6148.84,130.42,TRADE
QLD1,2025/08/02 00:30:00,6111.19,132.99,TRADE
QLD1,2025/08/02 00:35:00,6035.46,132.99,TRADE
QLD1,2025/08/02 00:40:00,5992.97,157.12,TRADE
QLD1,2025/08/02 00:45:00,6049.68,132.99,TRADE
QLD1,2025/08/02 00:50:00,6003.99,132.99,TRADE
QLD1,2025/08/02 00:55:00,5957.99,125.96,TRADE
QLD1,2025/08/02 01:00:00,5929.88,132.99,TRADE
QLD1,2025/08/02 01:05:00,5976.29,160.95,TRADE
QLD1,2025/08/02 01:10:00,5953.28,136.10,TRADE
QLD1,2025/08/02 01:15:00,5907.49,132.99,TRADE
QLD1,2025/08/02 01:20:00,5866.83,127.81,TRADE
QLD1,2025/08/02 01:25:00,5917.57,128.61,TRADE
QLD1,2025/08/02 01:30:00,5860.2,122.33,TRADE
QLD1,2025/08/02 01:35:00,5818.28,122.91,TRADE
QLD1,2025/08/02 01:40:00,5830.63,115.74,TRADE
QLD1,2025/08/02 01:45:00,5851.92,114.73,TRADE
QLD1,2025/08/02 01:50:00,5815.14,108.75,TRADE
QLD1,2025/08/02 01:55:00,5849.52,114.83,TRADE
QLD1,2025/08/02 02:00:00,5758.01,110.20,TRADE
QLD1,2025/08/02 02:05:00,5759.28,112.68,TRADE
QLD1,2025/08/02 02:10:00,5775.61,125.07,TRADE
QLD1,2025/08/02 02:15:00,5783.3,133.25,TRADE
QLD1,2025/08/02 02:20:00,5771.44,132.26,TRADE
QLD1,2025/08/02 02:25:00,5715.68,114.84,TRADE
QLD1,2025/08/02 02:30:00,5712.51,118.96,TRADE
QLD1,2025/08/02 02:35:00,5687.83,114.83,TRADE
QLD1,2025/08/02 02:40:00,5690.94,110.73,TRADE
QLD1,2025/08/02 02:45:00,5708.42,108.75,TRADE
QLD1,2025/08/02 02:50:00,5713.69,106.45,TRADE
QLD1,2025/08/02 02:55:00,5698.27,104.23,TRADE
QLD1,2025/08/02 03:00:00,5687,103.83,TRADE
QLD1,2025/08/02 03:05:00,5688.27,110.66,TRADE
QLD1,2025/08/02 03:10:00,5714.34,111.37,TRADE
QLD1,2025/08/02 03:15:00,5693.22,114.73,TRADE
QLD1,2025/08/02 03:20:00,5613.9,103.83,TRADE
QLD1,2025/08/02 03:25:00,5650.2,103.83,TRADE
QLD1,2025/08/02 03:30:00,5622.8,103.83,TRADE
QLD1,2025/08/02 03:35:00,5707.78,110.66,TRADE
QLD1,2025/08/02 03:40:00,5677.75,116.19,TRADE
QLD1,2025/08/02 03:45:00,5656.25,108.75,TRADE
QLD1,2025/08/02 03:50:00,5649.65,103.83,TRADE
QLD1,2025/08/02 03:55:00,5686.39,103.83,TRADE
QLD1,2025/08/02 04:00:00,5685.8,103.83,TRADE
QLD1,2025/08/02 04:05:00,5630.78,96.45,TRADE
QLD1,2025/08/02 04:10:00,5708.94,103.91,TRADE
QLD1,2025/08/02 04:15:00,5751.05,104.12,TRADE
QLD1,2025/08/02 04:20:00,5736.35,105.01,TRADE
QLD1,2025/08/02 04:25:00,5810.74,104.71,TRADE
QLD1,2025/08/02 04:30:00,5759.19,103.83,TRADE
QLD1,2025/08/02 04:35:00,5764.83,103.83,TRADE
QLD1,2025/08/02 04:40:00,5749.11,103.83,TRADE
QLD1,2025/08/02 04:45:00,5768,103.83,TRADE
QLD1,2025/08/02 04:50:00,5818.01,103.83,TRADE
QLD1,2025/08/02 04:55:00,5806.26,103.83,TRADE
QLD1,2025/08/02 05:00:00,5808.79,101.95,TRADE
QLD1,2025/08/02 05:05:00,5933.27,102.73,TRADE
QLD1,2025/08/02 05:10:00,5964.56,103.74,TRADE
QLD1,2025/08/02 05:15:00,5932.93,102.73,TRADE
QLD1,2025/08/02 05:20:00,5934.13,94.36,TRADE
QLD1,2025/08/02 05:25:00,5989.88,97.83,TRADE
QLD1,2025/08/02 05:30:00,6008.95,97.83,TRADE
QLD1,2025/08/02 05:35:00,5944.58,97.45,TRADE
QLD1,2025/08/02 05:40:00,5970.57,101.98,TRADE
QLD1,2025/08/02 05:45:00,6050.05,103.63,TRADE
QLD1,2025/08/02 05:50:00,6130.62,112.17,TRADE
QLD1,2025/08/02 05:55:00,6054.49,108.33,TRADE
QLD1,2025/08/02 06:00:00,6132.4,114.84,TRADE
QLD1,2025/08/02 06:05:00,6128.05,103.83,TRADE
QLD1,2025/08/02 06:10:00,6221.53,114.73,TRADE
QLD1,2025/08/02 06:15:00,6309.25,115.96,TRADE
QLD1,2025/08/02 06:20:00,6295.21,115.44,TRADE
QLD1,2025/08/02 06:25:00,6364.91,133.50,TRADE
QLD1,2025/08/02 06:30:00,6365.2,126.88,TRADE
QLD1,2025/08/02 06:35:00,6337.96,133.50,TRADE
QLD1,2025/08/02 06:40:00,6437.89,133.50,TRADE
QLD1,2025/08/02 06:45:00,6473.75,133.50,TRADE
QLD1,2025/08/02 06:50:00,6475.55,133.50,TRADE
QLD1,2025/08/02 06:55:00,6486.44,133.50,TRADE
QLD1,2025/08/02 07:00:00,6497.7,151.37,TRADE
QLD1,2025/08/02 07:05:00,6527.2,136.25,TRADE
QLD1,2025/08/02 07:10:00,6494.83,130.30,TRADE
QLD1,2025/08/02 07:15:00,6413.09,124.45,TRADE
QLD1,2025/08/02 07:20:00,6388.26,114.73,TRADE
QLD1,2025/08/02 07:25:00,6317.31,102.73,TRADE
QLD1,2025/08/02 07:30:00,6267.13,99.61,TRADE
QLD1,2025/08/02 07:35:00,6213.23,102.73,TRADE
QLD1,2025/08/02 07:40:00,6138.02,97.28,TRADE
QLD1,2025/08/02 07:45:00,6060.87,83.45,TRADE
QLD1,2025/08/02 07:50:00,6015.27,74.63,TRADE
QLD1,2025/08/02 07:55:00,5943.84,55.90,TRADE
QLD1,2025/08/02 08:00:00,5875.16,65.29,TRADE
QLD1,2025/08/02 08:05:00,5838.51,75.45,TRADE
QLD1,2025/08/02 08:10:00,5815.45,53.76,TRADE
QLD1,2025/08/02 08:15:00,5744.97,56.53,TRADE
QLD1,2025/08/02 08:20:00,5649.46,69.07,TRADE
QLD1,2025/08/02 08:25:00,5561.2,54.76,TRADE
QLD1,2025/08/02 08:30:00,5525.86,-0.01,TRADE
QLD1,2025/08/02 08:35:00,5453.29,54.76,TRADE
QLD1,2025/08/02 08:40:00,5339.94,58.18,TRADE
QLD1,2025/08/02 08:45:00,5242.31,44.94,TRADE
QLD1,2025/08/02 08:50:00,5194.53,44.94,TRADE
QLD1,2025/08/02 08:55:00,5115.29,-0.01,TRADE
QLD1,2025/08/02 09:00:00,5031.15,34.75,TRADE
QLD1,2025/08/02 09:05:00,4894.61,-0.01,TRADE
QLD1,2025/08/02 09:10:00,4819.69,44.94,TRADE
QLD1,2025/08/02 09:15:00,4758.59,61.59,TRADE
QLD1,2025/08/02 09:20:00,4767.73,44.94,TRADE
QLD1,2025/08/02 09:25:00,4678.96,33.75,TRADE
QLD1,2025/08/02 09:30:00,4623.01,44.94,TRADE
QLD1,2025/08/02 09:35:00,4486.76,44.94,TRADE
QLD1,2025/08/02 09:40:00,4509.65,34.75,TRADE
QLD1,2025/08/02 09:45:00,4403.7,0,TRADE
QLD1,2025/08/02 09:50:00,4344.03,0,TRADE
QLD1,2025/08/02 09:55:00,4185.79,-11.78,TRADE
QLD1,2025/08/02 10:00:00,4183.05,-9.54,TRADE
QLD1,2025/08/02 10:05:00,4092.55,-12,TRADE
QLD1,2025/08/02 10:10:00,4195.85,-0.01,TRADE
QLD1,2025/08/02 10:15:00,4110.01,-11.78,TRADE
QLD1,2025/08/02 10:20:00,4120.33,-12,TRADE
QLD1,2025/08/02 10:25:00,4084.21,-12,TRADE
QLD1,2025/08/02 10:30:00,4059.8,-12,TRADE
QLD1,2025/08/02 10:35:00,3967.58,-12.28,TRADE
QLD1,2025/08/02 10:40:00,3929.25,-11.78,TRADE
QLD1,2025/08/02 10:45:00,3896.04,-9.54,TRADE
QLD1,2025/08/02 10:50:00,3886.24,-0.01,TRADE
QLD1,2025/08/02 10:55:00,3870.93,-12,TRADE
QLD1,2025/08/02 11:00:00,3820.94,-12.56,TRADE
QLD1,2025/08/02 11:05:00,3741.13,-0.01,TRADE
QLD1,2025/08/02 11:10:00,3752,-12.57,TRADE
QLD1,2025/08/02 11:15:00,3752.58,-11.78,TRADE
QLD1,2025/08/02 11:20:00,3727.31,-11.78,TRADE
QLD1,2025/08/02 11:25:00,3712.63,-12.64,TRADE
QLD1,2025/08/02 11:30:00,3649.26,-12.65,TRADE
QLD1,2025/08/02 11:35:00,3668.06,-12.65,TRADE
QLD1,2025/08/02 11:40:00,3640.92,-12.64,TRADE
QLD1,2025/08/02 11:45:00,3662.96,-13,TRADE
QLD1,2025/08/02 11:50:00,3746.18,-12,TRADE
QLD1,2025/08/02 11:55:00,3480.85,-12.57,TRADE
QLD1,2025/08/02 12:00:00,3661.78,-12.56,TRADE
QLD1,2025/08/02 12:05:00,3694.17,-12.28,TRADE
QLD1,2025/08/02 12:10:00,3765.91,-12.57,TRADE
QLD1,2025/08/02 12:15:00,3705.18,-12.64,TRADE
QLD1,2025/08/02 12:20:00,3791.35,-12.56,TRADE
QLD1,2025/08/02 12:25:00,3711.19,-12.28,TRADE
QLD1,2025/08/02 12:30:00,3687.19,-12.65,TRADE
QLD1,2025/08/02 12:35:00,3777.85,-12.28,TRADE
QLD1,2025/08/02 12:40:00,3846.76,-12.65,TRADE
QLD1,2025/08/02 12:45:00,4079.73,-12.64,TRADE
QLD1,2025/08/02 12:50:00,3631.26,-14.73,TRADE
QLD1,2025/08/02 12:55:00,3920.44,-13,TRADE
QLD1,2025/08/02 13:00:00,4058.68,-12.65,TRADE
QLD1,2025/08/02 13:05:00,3840.91,-14.73,TRADE
QLD1,2025/08/02 13:10:00,4017.04,-0.01,TRADE
QLD1,2025/08/02 13:15:00,3718.67,-12.65,TRADE
QLD1,2025/08/02 13:20:00,3924.49,-12.65,TRADE
QLD1,2025/08/02 13:25:00,3913.1,-0.01,TRADE
QLD1,2025/08/02 13:30:00,3813.87,0,TRADE
QLD1,2025/08/02 13:35:00,3924.93,0,TRADE
QLD1,2025/08/02 13:40:00,4076.95,0,TRADE
QLD1,2025/08/02 13:45:00,4136.81,0,TRADE
QLD1,2025/08/02 13:50:00,4100.65,29.05,TRADE
QLD1,2025/08/02 13:55:00,4110.06,0,TRADE
QLD1,2025/08/02 14:00:00,4174.15,0,TRADE
QLD1,2025/08/02 14:05:00,4216.38,28.41,TRADE
QLD1,2025/08/02 14:10:00,4264.15,0,TRADE
QLD1,2025/08/02 14:15:00,4336.65,28.46,TRADE
QLD1,2025/08/02 14:20:00,4359.56,28.88,TRADE
QLD1,2025/08/02 14:25:00,4443.33,0,TRADE
QLD1,2025/08/02 14:30:00,4545.06,64.80,TRADE
QLD1,2025/08/02 14:35:00,4536.47,44.94,TRADE
QLD1,2025/08/02 14:40:00,4561.8,44.94,TRADE
QLD1,2025/08/02 14:45:00,4683.46,34.75,TRADE
QLD1,2025/08/02 14:50:00,4795.45,0,TRADE
QLD1,2025/08/02 14:55:00,4717.92,0,TRADE
QLD1,2025/08/02 15:00:00,4847.65,-1.88,TRADE
QLD1,2025/08/02 15:05:00,4909.24,-9.54,TRADE
QLD1,2025/08/02 15:10:00,4966.48,0,TRADE
QLD1,2025/08/02 15:15:00,5081.83,0,TRADE
QLD1,2025/08/02 15:20:00,5231.67,27.48,TRADE
QLD1,2025/08/02 15:25:00,5315.08,48.39,TRADE
QLD1,2025/08/02 15:30:00,5361.23,44.94,TRADE
QLD1,2025/08/02 15:35:00,5473.2,44.94,TRADE
QLD1,2025/08/02 15:40:00,5469.74,35,TRADE
QLD1,2025/08/02 15:45:00,5610.74,54.76,TRADE
QLD1,2025/08/02 15:50:00,5684.01,53.85,TRADE
QLD1,2025/08/02 15:55:00,5825.34,64.27,TRADE
QLD1,2025/08/02 16:00:00,5913.49,73.61,TRADE
QLD1,2025/08/02 16:05:00,6056.69,58.67,TRADE
QLD1,2025/08/02 16:10:00,6176.43,70.40,TRADE
QLD1,2025/08/02 16:15:00,6311.29,74,TRADE
QLD1,2025/08/02 16:20:00,6453.37,82.55,TRADE
QLD1,2025/08/02 16:25:00,6547.24,96,TRADE
QLD1,2025/08/02 16:30:00,6636.83,96,TRADE
QLD1,2025/08/02 16:35:00,6763.39,102.73,TRADE
QLD1,2025/08/02 16:40:00,6839.21,106.18,TRADE
QLD1,2025/08/02 16:45:00,6998.82,121.25,TRADE
QLD1,2025/08/02 16:50:00,7123.65,138.83,TRADE
QLD1,2025/08/02 16:55:00,7259.92,148.24,TRADE
QLD1,2025/08/02 17:00:00,7311.8,160.13,TRADE
QLD1,2025/08/02 17:05:00,7417.08,148.73,TRADE
QLD1,2025/08/02 17:10:00,7432.67,144.07,TRADE
QLD1,2025/08/02 17:15:00,7539.68,160.01,TRADE
QLD1,2025/08/02 17:20:00,7643.9,152.63,TRADE
QLD1,2025/08/02 17:25:00,7669.61,162.73,TRADE
QLD1,2025/08/02 17:30:00,7816.28,200,TRADE
QLD1,2025/08/02 17:35:00,7844.35,170.63,TRADE
QLD1,2025/08/02 17:40:00,7958.55,200,TRADE
QLD1,2025/08/02 17:45:00,8001.99,200,TRADE
QLD1,2025/08/02 17:50:00,8128.18,248.02,TRADE
QLD1,2025/08/02 17:55:00,8091.2,245.09,TRADE
QLD1,2025/08/02 18:00:00,8088.01,223.73,TRADE
QLD1,2025/08/02 18:05:00,8052.84,205.52,TRADE
QLD1,2025/08/02 18:10:00,7988.32,213.79,TRADE
QLD1,2025/08/02 18:15:00,8026.12,190.74,TRADE
QLD1,2025/08/02 18:20:00,8090.96,223.73,TRADE
QLD1,2025/08/02 18:25:00,8104.24,215.76,TRADE
QLD1,2025/08/02 18:30:00,8057.34,223.73,TRADE
QLD1,2025/08/02 18:35:00,8070,222.65,TRADE
QLD1,2025/08/02 18:40:00,8029.5,214.44,TRADE
QLD1,2025/08/02 18:45:00,8095.81,214.44,TRADE
QLD1,2025/08/02 18:50:00,8136.22,226.94,TRADE
QLD1,2025/08/02 18:55:00,8037.67,160.95,TRADE
QLD1,2025/08/02 19:00:00,8070.54,214.44,TRADE
QLD1,2025/08/02 19:05:00,8002.54,183.90,TRADE
QLD1,2025/08/02 19:10:00,7938.36,162.73,TRADE
QLD1,2025/08/02 19:15:00,7990.99,218.22,TRADE
QLD1,2025/08/02 19:20:00,7935.19,214.44,TRADE
QLD1,2025/08/02 19:25:00,7920.36,148.19,TRADE
QLD1,2025/08/02 19:30:00,7942.51,210.30,TRADE
QLD1,2025/08/02 19:35:00,7920.53,162.73,TRADE
QLD1,2025/08/02 19:40:00,7867.6,160.95,TRADE
QLD1,2025/08/02 19:45:00,7837.77,208.81,TRADE
QLD1,2025/08/02 19:50:00,7781.05,155.80,TRADE
QLD1,2025/08/02 19:55:00,7756.45,197.17,TRADE
QLD1,2025/08/02 20:00:00,7809.91,185.55,TRADE
QLD1,2025/08/02 20:05:00,7703.34,114.73,TRADE
QLD1,2025/08/02 20:10:00,7694.68,179.09,TRADE
QLD1,2025/08/02 20:15:00,7703.73,132.34,TRADE
QLD1,2025/08/02 20:20:00,7750.3,207.09,TRADE
QLD1,2025/08/02 20:25:00,7710.67,160.95,TRADE
QLD1,2025/08/02 20:30:00,7750.24,159.77,TRADE
QLD1,2025/08/02 20:35:00,7739.24,207.64,TRADE
QLD1,2025/08/02 20:40:00,7810.17,247.08,TRADE
QLD1,2025/08/02 20:45:00,7725.4,199.28,TRADE
QLD1,2025/08/02 20:50:00,7726.5,190.74,TRADE
QLD1,2025/08/02 20:55:00,7704.7,200,TRADE
QLD1,2025/08/02 21:00:00,7690.14,248.43,TRADE
QLD1,2025/08/02 21:05:00,7679.86,164.87,TRADE
QLD1,2025/08/02 21:10:00,7646.19,161.41,TRADE
QLD1,2025/08/02 21:15:00,7593.97,167,TRADE
QLD1,2025/08/02 21:20:00,7498.24,160.95,TRADE
QLD1,2025/08/02 21:25:00,7522.09,160.29,TRADE
QLD1,2025/08/02 21:30:00,7523.38,190.47,TRADE
QLD1,2025/08/02 21:35:00,7385.73,163.55,TRADE
QLD1,2025/08/02 21:40:00,7355.89,236.47,TRADE
QLD1,2025/08/02 21:45:00,7343.74,230.34,TRADE
QLD1,2025/08/02 21:50:00,7303.02,166.92,TRADE
QLD1,2025/08/02 21:55:00,7260.85,214.44,TRADE
QLD1,2025/08/02 22:00:00,7177.56,182.89,TRADE
QLD1,2025/08/02 22:05:00,7092.6,138.41,TRADE
QLD1,2025/08/02 22:10:00,7109.84,200,TRADE
QLD1,2025/08/02 22:15:00,7137.21,185.56,TRADE
QLD1,2025/08/02 22:20:00,7120.88,193.02,TRADE
QLD1,2025/08/02 22:25:00,7100.43,202.40,TRADE
QLD1,2025/08/02 22:30:00,7029.48,201.43,TRADE
QLD1,2025/08/02 22:35:00,7083.89,278.21,TRADE
QLD1,2025/08/02 22:40:00,6989.09,190.74,TRADE
QLD1,2025/08/02 22:45:00,6985.47,195.01,TRADE
QLD1,2025/08/02 22:50:00,6940.95,225.25,TRADE
QLD1,2025/08/02 22:55:00,6869.74,174.50,TRADE
QLD1,2025/08/02 23:00:00,6736.57,162.83,TRADE
QLD1,2025/08/02 23:05:00,6748.82,160.95,TRADE
QLD1,2025/08/02 23:10:00,6777.07,173.24,TRADE
QLD1,2025/08/02 23:15:00,6749.84,170,TRADE
QLD1,2025/08/02 23:20:00,6676.84,125.94,TRADE
QLD1,2025/08/02 23:25:00,6603.83,115.28,TRADE
QLD1,2025/08/02 23:30:00,6562.19,114.84,TRADE
QLD1,2025/08/02 23:35:00,6538.92,128.45,TRADE
QLD1,2025/08/02 23:40:00,6439.36,114.83,TRADE
QLD1,2025/08/02 23:45:00,6554.16,124.25,TRADE
QLD1,2025/08/02 23:50:00,6409.79,122.45,TRADE
QLD1,2025/08/02 23:55:00,6332.91,114.73,TRADE
QLD1,2025/08/03 00:00:00,6450.73,126.84,TRADE
QLD1,2025/08/03 00:05:00,6248.32,132.94,TRADE
QLD1,2025/08/03 00:10:00,6283.79,128.45,TRADE
QLD1,2025/08/03 00:15:00,6275.4,126.79,TRADE
QLD1,2025/08/03 00:20:00,6204,113.76,TRADE
QLD1,2025/08/03 00:25:00,6174.25,114.20,TRADE
QLD1,2025/08/03 00:30:00,6170.06,107.83,TRADE
QLD1,2025/08/03 00:35:00,6080.61,103.83,TRADE
QLD1,2025/08/03 00:40:00,6062.01,103.83,TRADE
QLD1,2025/08/03 00:45:00,6077.42,103.83,TRADE
QLD1,2025/08/03 00:50:00,6081.64,99.62,TRADE
QLD1,2025/08/03 00:55:00,6009.25,96.45,TRADE
QLD1,2025/08/03 01:00:00,6038.37,92.08,TRADE
QLD1,2025/08/03 01:05:00,5968,91.77,TRADE
QLD1,2025/08/03 01:10:00,5988.02,92.41,TRADE
QLD1,2025/08/03 01:15:00,5956.5,90.98,TRADE
QLD1,2025/08/03 01:20:00,5925.32,89.33,TRADE
QLD1,2025/08/03 01:25:00,5984.98,90.90,TRADE
QLD1,2025/08/03 01:30:00,5970.71,84.61,TRADE
QLD1,2025/08/03 01:35:00,5937.51,88.40,TRADE
QLD1,2025/08/03 01:40:00,5941.49,85.41,TRADE
QLD1,2025/08/03 01:45:00,5897.48,89.11,TRADE
QLD1,2025/08/03 01:50:00,5914.22,84.45,TRADE
QLD1,2025/08/03 01:55:00,5860.33,82.30,TRADE
QLD1,2025/08/03 02:00:00,5845.48,77.53,TRADE
QLD1,2025/08/03 02:05:00,5821.11,78.15,TRADE
QLD1,2025/08/03 02:10:00,5832.34,80.23,TRADE
QLD1,2025/08/03 02:15:00,5784.58,78.46,TRADE
QLD1,2025/08/03 02:20:00,5729.95,78.23,TRADE
QLD1,2025/08/03 02:25:00,5804.06,77.61,TRADE
QLD1,2025/08/03 02:30:00,5789.79,77.59,TRADE
QLD1,2025/08/03 02:35:00,5725.71,76.56,TRADE
QLD1,2025/08/03 02:40:00,5773.79,77.10,TRADE
QLD1,2025/08/03 02:45:00,5728.3,74.63,TRADE
QLD1,2025/08/03 02:50:00,5767.5,75.83,TRADE
QLD1,2025/08/03 02:55:00,5771.03,75.83,TRADE
QLD1,2025/08/03 03:00:00,5743.6,77.02,TRADE
QLD1,2025/08/03 03:05:00,5725.83,74.63,TRADE
QLD1,2025/08/03 03:10:00,5743.63,83.45,TRADE
QLD1,2025/08/03 03:15:00,5716.7,77.53,TRADE
QLD1,2025/08/03 03:20:00,5752.73,75.55,TRADE
QLD1,2025/08/03 03:25:00,5754.07,75.83,TRADE
QLD1,2025/08/03 03:30:00,5726.1,74.63,TRADE
QLD1,2025/08/03 03:35:00,5722.74,60.53,TRADE
QLD1,2025/08/03 03:40:00,5696.14,77.53,TRADE
QLD1,2025/08/03 03:45:00,5723.82,75.83,TRADE
QLD1,2025/08/03 03:50:00,5747.31,82.89,TRADE
QLD1,2025/08/03 03:55:00,5710.59,75.83,TRADE
QLD1,2025/08/03 04:00:00,5717.19,75.83,TRADE
QLD1,2025/08/03 04:05:00,5711.92,75.83,TRADE
QLD1,2025/08/03 04:10:00,5774.89,77.55,TRADE
QLD1,2025/08/03 04:15:00,5793.06,77.56,TRADE
QLD1,2025/08/03 04:20:00,5749,75.83,TRADE
QLD1,2025/08/03 04:25:00,5787.28,75.83,TRADE
QLD1,2025/08/03 04:30:00,5808.77,78.02,TRADE
QLD1,2025/08/03 04:35:00,5817.51,83.46,TRADE
QLD1,2025/08/03 04:40:00,5879.18,78.07,TRADE
QLD1,2025/08/03 04:45:00,5854.34,77.53,TRADE
QLD1,2025/08/03 04:50:00,5821.63,75.83,TRADE
QLD1,2025/08/03 04:55:00,5814.04,75.83,TRADE
QLD1,2025/08/03 05:00:00,5854.67,75.83,TRADE
QLD1,2025/08/03 05:05:00,5882.4,59.76,TRADE
QLD1,2025/08/03 05:10:00,5854.04,66.11,TRADE
QLD1,2025/08/03 05:15:00,5921.49,70.26,TRADE
QLD1,2025/08/03 05:20:00,5887.27,70.53,TRADE
QLD1,2025/08/03 05:25:00,5900.53,71.10,TRADE
QLD1,2025/08/03 05:30:00,5932.14,75.83,TRADE
QLD1,2025/08/03 05:35:00,5932.35,75.83,TRADE
QLD1,2025/08/03 05:40:00,6001.63,75.83,TRADE
QLD1,2025/08/03 05:45:00,5965.22,70.71,TRADE
QLD1,2025/08/03 05:50:00,6012.52,75.83,TRADE
QLD1,2025/08/03 05:55:00,5988.56,69.66,TRADE
QLD1,2025/08/03 06:00:00,6079.65,74.63,TRADE
QLD1,2025/08/03 06:05:00,6092.17,59.61,TRADE
QLD1,2025/08/03 06:10:00,6153.96,78.73,TRADE
QLD1,2025/08/03 06:15:00,6196.23,75.45,TRADE
QLD1,2025/08/03 06:20:00,6236.27,77.53,TRADE
QLD1,2025/08/03 06:25:00,6287.91,78.73,TRADE
QLD1,2025/08/03 06:30:00,6261.47,80,TRADE
QLD1,2025/08/03 06:35:00,6321.29,75.55,TRADE
QLD1,2025/08/03 06:40:00,6273.19,81.19,TRADE
QLD1,2025/08/03 06:45:00,6323.09,80,TRADE
QLD1,2025/08/03 06:50:00,6338.79,80,TRADE
QLD1,2025/08/03 06:55:00,6353.84,75.01,TRADE
QLD1,2025/08/03 07:00:00,6383.95,78.73,TRADE
QLD1,2025/08/03 07:05:00,6340.83,78.73,TRADE
QLD1,2025/08/03 07:10:00,6347.3,68.92,TRADE
QLD1,2025/08/03 07:15:00,6327.07,75.20,TRADE
QLD1,2025/08/03 07:20:00,6313.26,75.45,TRADE
QLD1,2025/08/03 07:25:00,6269.95,57.44,TRADE
QLD1,2025/08/03 07:30:00,6253.66,54.76,TRADE
QLD1,2025/08/03 07:35:00,6124.12,52.90,TRADE
QLD1,2025/08/03 07:40:00,6162.18,52.33,TRADE
QLD1,2025/08/03 07:45:00,6054.86,24.90,TRADE
QLD1,2025/08/03 07:50:00,5975.75,35,TRADE
QLD1,2025/08/03 07:55:00,5935.22,-1.88,TRADE
QLD1,2025/08/03 08:00:00,5854.96,16,TRADE
QLD1,2025/08/03 08:05:00,5838.76,0,TRADE
QLD1,2025/08/03 08:10:00,5823.25,15.90,TRADE
QLD1,2025/08/03 08:15:00,5704.2,16.03,TRADE
QLD1,2025/08/03 08:20:00,5646.69,9.27,TRADE
QLD1,2025/08/03 08:25:00,5613.27,8.54,TRADE
QLD1,2025/08/03 08:30:00,5511.6,8.70,TRADE
QLD1,2025/08/03 08:35:00,5435.46,8.98,TRADE
QLD1,2025/08/03 08:40:00,5436.11,15.99,TRADE
QLD1,2025/08/03 08:45:00,5343.63,10.31,TRADE
QLD1,2025/08/03 08:50:00,5286.19,7.96,TRADE
QLD1,2025/08/03 08:55:00,5140.82,0.01,TRADE
QLD1,2025/08/03 09:00:00,5112.83,0.01,TRADE
QLD1,2025/08/03 09:05:00,5091.89,-0.01,TRADE
QLD1,2025/08/03 09:10:00,4984.87,-7.16,TRADE
QLD1,2025/08/03 09:15:00,5025.59,-0.01,TRADE
QLD1,2025/08/03 09:20:00,4987.33,-0.01,TRADE
QLD1,2025/08/03 09:25:00,4924.51,-0.01,TRADE
QLD1,2025/08/03 09:30:00,4932.78,-0.01,TRADE
QLD1,2025/08/03 09:35:00,4940.55,18.15,TRADE
QLD1,2025/08/03 09:40:00,5005.42,10.53,TRADE
QLD1,2025/08/03 09:45:00,5000.47,0,TRADE
QLD1,2025/08/03 09:50:00,4825.11,0.01,TRADE
QLD1,2025/08/03 09:55:00,4763.91,-0.01,TRADE
QLD1,2025/08/03 10:00:00,4684.15,-11.78,TRADE
QLD1,2025/08/03 10:05:00,4421.82,-10.89,TRADE
QLD1,2025/08/03 10:10:00,4393.35,-12,TRADE
QLD1,2025/08/03 10:15:00,4345.99,-12,TRADE
QLD1,2025/08/03 10:20:00,4227.44,-12.64,TRADE
QLD1,2025/08/03 10:25:00,4332.88,-12.28,TRADE
QLD1,2025/08/03 10:30:00,4157.14,-12.65,TRADE
QLD1,2025/08/03 10:35:00,4104.46,-12.65,TRADE
QLD1,2025/08/03 10:40:00,4010.16,-12.65,TRADE
QLD1,2025/08/03 10:45:00,3888,-14.99,TRADE
QLD1,2025/08/03 10:50:00,3981.53,-12.64,TRADE
QLD1,2025/08/03 10:55:00,3806.55,-13,TRADE
QLD1,2025/08/03 11:00:00,3877.85,-14.73,TRADE
QLD1,2025/08/03 11:05:00,3857.37,-13,TRADE
QLD1,2025/08/03 11:10:00,3866.82,-12.65,TRADE
QLD1,2025/08/03 11:15:00,3685.21,-12.65,TRADE
QLD1,2025/08/03 11:20:00,3795.68,-12.65,TRADE
QLD1,2025/08/03 11:25:00,3688.6,-14.73,TRADE
QLD1,2025/08/03 11:30:00,3798.77,-14.99,TRADE
QLD1,2025/08/03 11:35:00,3895.51,-12.65,TRADE
QLD1,2025/08/03 11:40:00,3671.93,-14.73,TRADE
QLD1,2025/08/03 11:45:00,3878.76,-14.99,TRADE
QLD1,2025/08/03 11:50:00,3860.04,-15.01,TRADE
QLD1,2025/08/03 11:55:00,3825.31,-14.73,TRADE
QLD1,2025/08/03 12:00:00,3907.28,-14.99,TRADE
QLD1,2025/08/03 12:05:00,3823.13,-14.99,TRADE
QLD1,2025/08/03 12:10:00,3832.4,-14.99,TRADE
QLD1,2025/08/03 12:15:00,3851.86,-13,TRADE
QLD1,2025/08/03 12:20:00,3743.02,-16.03,TRADE
QLD1,2025/08/03 12:25:00,3845.96,-14.99,TRADE
QLD1,2025/08/03 12:30:00,3949.1,-14.99,TRADE
QLD1,2025/08/03 12:35:00,3978.94,-14.99,TRADE
QLD1,2025/08/03 12:40:00,4025.24,-15.01,TRADE
QLD1,2025/08/03 12:45:00,4096.62,-14.73,TRADE
QLD1,2025/08/03 12:50:00,4118.13,-14.73,TRADE
QLD1,2025/08/03 12:55:00,4144.3,-14.73,TRADE
QLD1,2025/08/03 13:00:00,4296.93,-12.65,TRADE
QLD1,2025/08/03 13:05:00,4314.8,-15.01,TRADE
QLD1,2025/08/03 13:10:00,4447.25,-14.73,TRADE
QLD1,2025/08/03 13:15:00,4501.27,-14.73,TRADE
QLD1,2025/08/03 13:20:00,4554.02,-12.65,TRADE
QLD1,2025/08/03 13:25:00,4496.18,-12.65,TRADE
QLD1,2025/08/03 13:30:00,4745.16,-12,TRADE
QLD1,2025/08/03 13:35:00,4492.12,-12.64,TRADE
QLD1,2025/08/03 13:40:00,4453.43,-12.56,TRADE
QLD1,2025/08/03 13:45:00,4672.32,-12,TRADE
QLD1,2025/08/03 13:50:00,4743.71,-11.78,TRADE
QLD1,2025/08/03 13:55:00,4717.75,-12,TRADE
QLD1,2025/08/03 14:00:00,4761,-11.78,TRADE
QLD1,2025/08/03 14:05:00,4755.73,-12.65,TRADE
QLD1,2025/08/03 14:10:00,4818.38,-12,TRADE
QLD1,2025/08/03 14:15:00,4890.73,-10,TRADE
QLD1,2025/08/03 14:20:00,4812.08,-10.08,TRADE
QLD1,2025/08/03 14:25:00,4790.9,-8.25,TRADE
QLD1,2025/08/03 14:30:00,4812.87,-11.78,TRADE
QLD1,2025/08/03 14:35:00,4772.19,-1.69,TRADE
QLD1,2025/08/03 14:40:00,4879.46,31.50,TRADE
QLD1,2025/08/03 14:45:00,4874.97,0,TRADE
QLD1,2025/08/03 14:50:00,4948.62,0,TRADE
QLD1,2025/08/03 14:55:00,5077.73,-2.22,TRADE
QLD1,2025/08/03 15:00:00,5103.91,31.05,TRADE
QLD1,2025/08/03 15:05:00,5191.12,0,TRADE
QLD1,2025/08/03 15:10:00,5250.75,-8.36,TRADE
QLD1,2025/08/03 15:15:00,5341.56,-1.68,TRADE
QLD1,2025/08/03 15:20:00,5336.03,-2.09,TRADE
QLD1,2025/08/03 15:25:00,5390.76,17.88,TRADE
QLD1,2025/08/03 15:30:00,5535.45,49.18,TRADE
QLD1,2025/08/03 15:35:00,5584.95,20.61,TRADE
QLD1,2025/08/03 15:40:00,5723.54,21.12,TRADE
QLD1,2025/08/03 15:45:00,5746.87,21.40,TRADE
QLD1,2025/08/03 15:50:00,5792.54,-7.16,TRADE
QLD1,2025/08/03 15:55:00,5927.66,45,TRADE
QLD1,2025/08/03 16:00:00,6029,73.51,TRADE
QLD1,2025/08/03 16:05:00,6116.68,20.18,TRADE
QLD1,2025/08/03 16:10:00,6205.62,53.52,TRADE
QLD1,2025/08/03 16:15:00,6338.01,53.64,TRADE
QLD1,2025/08/03 16:20:00,6434.5,44.94,TRADE
QLD1,2025/08/03 16:25:00,6531.52,59.21,TRADE
QLD1,2025/08/03 16:30:00,6595.04,66.29,TRADE
QLD1,2025/08/03 16:35:00,6701.48,75.43,TRADE
QLD1,2025/08/03 16:40:00,6733.22,75.96,TRADE
QLD1,2025/08/03 16:45:00,6857.15,88.97,TRADE
QLD1,2025/08/03 16:50:00,6938.22,116.49,TRADE
QLD1,2025/08/03 16:55:00,7039.8,128.73,TRADE
QLD1,2025/08/03 17:00:00,7206.13,133.98,TRADE
QLD1,2025/08/03 17:05:00,7351.25,128.73,TRADE
QLD1,2025/08/03 17:10:00,7396.88,94.30,TRADE
QLD1,2025/08/03 17:15:00,7425.15,143.95,TRADE
QLD1,2025/08/03 17:20:00,7523.1,157.09,TRADE
QLD1,2025/08/03 17:25:00,7605.99,162.73,TRADE
QLD1,2025/08/03 17:30:00,7645.83,162.73,TRADE
QLD1,2025/08/03 17:35:00,7831.3,162.73,TRADE
QLD1,2025/08/03 17:40:00,7793.57,167.61,TRADE
QLD1,2025/08/03 17:45:00,7865.63,219.30,TRADE
QLD1,2025/08/03 17:50:00,7890.88,223.73,TRADE
QLD1,2025/08/03 17:55:00,7955.15,298.95,TRADE
QLD1,2025/08/03 18:00:00,7971.1,273.26,TRADE
QLD1,2025/08/03 18:05:00,7977.74,165.36,TRADE
QLD1,2025/08/03 18:10:00,7995.26,171.41,TRADE
QLD1,2025/08/03 18:15:00,7958.29,162.73,TRADE
QLD1,2025/08/03 18:20:00,7994.73,160.95,TRADE
QLD1,2025/08/03 18:25:00,8035.11,148.73,TRADE
QLD1,2025/08/03 18:30:00,8029.27,160.95,TRADE
QLD1,2025/08/03 18:35:00,7985.37,162.73,TRADE
QLD1,2025/08/03 18:40:00,8015.27,138.26,TRADE
QLD1,2025/08/03 18:45:00,7980.06,133.98,TRADE
QLD1,2025/08/03 18:50:00,7906.92,133.98,TRADE
QLD1,2025/08/03 18:55:00,7955.81,160.95,TRADE
QLD1,2025/08/03 19:00:00,7941.44,133.50,TRADE
QLD1,2025/08/03 19:05:00,7923.37,148.73,TRADE
QLD1,2025/08/03 19:10:00,7821.56,115.15,TRADE
QLD1,2025/08/03 19:15:00,7747.84,116,TRADE
QLD1,2025/08/03 19:20:00,7711.59,128.45,TRADE
QLD1,2025/08/03 19:25:00,7652.52,128.45,TRADE
QLD1,2025/08/03 19:30:00,7679.38,144.50,TRADE
QLD1,2025/08/03 19:35:00,7633.31,146.14,TRADE
QLD1,2025/08/03 19:40:00,7616.96,132.83,TRADE
QLD1,2025/08/03 19:45:00,7590.86,133.98,TRADE
QLD1,2025/08/03 19:50:00,7463.1,128.73,TRADE
QLD1,2025/08/03 19:55:00,7506.39,103.70,TRADE
QLD1,2025/08/03 20:00:00,7454.65,128.45,TRADE
QLD1,2025/08/03 20:05:00,7409.11,114.83,TRADE
QLD1,2025/08/03 20:10:00,7455.62,108.75,TRADE
QLD1,2025/08/03 20:15:00,7446.41,103.83,TRADE
QLD1,2025/08/03 20:20:00,7404.55,102.73,TRADE
QLD1,2025/08/03 20:25:00,7376.72,114.73,TRADE
QLD1,2025/08/03 20:30:00,7283.76,103.83,TRADE
QLD1,2025/08/03 20:35:00,7247.26,97.45,TRADE
QLD1,2025/08/03 20:40:00,7256.55,102.73,TRADE
QLD1,2025/08/03 20:45:00,7238.96,97.83,TRADE
QLD1,2025/08/03 20:50:00,7148.07,84.45,TRADE
QLD1,2025/08/03 20:55:00,7147.48,86.32,TRADE
QLD1,2025/08/03 21:00:00,7083.79,85,TRADE
QLD1,2025/08/03 21:05:00,7063.81,97.83,TRADE
QLD1,2025/08/03 21:10:00,7068.58,97.21,TRADE
QLD1,2025/08/03 21:15:00,6970.82,84.45,TRADE
QLD1,2025/08/03 21:20:00,6941.83,84.45,TRADE
QLD1,2025/08/03 21:25:00,6851.5,68.04,TRADE
QLD1,2025/08/03 21:30:00,6852.84,84.25,TRADE
QLD1,2025/08/03 21:35:00,6781.53,91.48,TRADE
QLD1,2025/08/03 21:40:00,6776.77,91.99,TRADE
QLD1,2025/08/03 21:45:00,6746.85,83.77,TRADE
QLD1,2025/08/03 21:50:00,6691.89,54.76,TRADE
QLD1,2025/08/03 21:55:00,6690.51,81.68,TRADE
QLD1,2025/08/03 22:00:00,6632.31,75.55,TRADE
QLD1,2025/08/03 22:05:00,6525.38,96.45,TRADE
QLD1,2025/08/03 22:10:00,6532.89,97.45,TRADE
QLD1,2025/08/03 22:15:00,6557.52,90.97,TRADE
QLD1,2025/08/03 22:20:00,6571.23,97.83,TRADE
QLD1,2025/08/03 22:25:00,6481.66,97.21,TRADE
QLD1,2025/08/03 22:30:00,6454.3,97.45,TRADE
QLD1,2025/08/03 22:35:00,6399.6,84.25,TRADE
QLD1,2025/08/03 22:40:00,6406.73,97.45,TRADE
QLD1,2025/08/03 22:45:00,6312.97,88.94,TRADE
QLD1,2025/08/03 22:50:00,6330.43,93.97,TRADE
QLD1,2025/08/03 22:55:00,6284.69,93.24,TRADE
QLD1,2025/08/03 23:00:00,6208.71,84.33,TRADE
QLD1,2025/08/03 23:05:00,6196.53,92.04,TRADE
QLD1,2025/08/03 23:10:00,6163.15,87.06,TRADE
QLD1,2025/08/03 23:15:00,6177.4,86.25,TRADE
QLD1,2025/08/03 23:20:00,6068.16,84.45,TRADE
QLD1,2025/08/03 23:25:00,6039.75,72.61,TRADE
QLD1,2025/08/03 23:30:00,6009.99,83.45,TRADE
QLD1,2025/08/03 23:35:00,5972.94,84.92,TRADE
QLD1,2025/08/03 23:40:00,6018.05,85.45,TRADE
QLD1,2025/08/03 23:45:00,5933.92,85.17,TRADE
QLD1,2025/08/03 23:50:00,5984.88,85.73,TRADE
QLD1,2025/08/03 23:55:00,5931.73,82.34,TRADE
QLD1,2025/08/04 00:00:00,5893.41,81.30,TRADE
